MF_CATEGORIE;DOC_TITRE;DOC_PER_NUMERO;DOC_AN_EDIT;FT_CID;FT_SFNAME;;URL directe du fichier
Met Mar;Bulletin trimestriel de liaison des navires sélectionnés. Bulletin n°1;1;1953;237423;doc00027275__PDF.txt;http://bibliotheque.meteo.fr/exl-php/docs/ILS_DOC/237423/doc00027275__PDF.txt;http://bibliotheque.meteo.fr/exl-php/docs/ILS_DOC/237423/doc00027275__PDF.txt
Met Mar;Bulletin trimestriel de liaison des navires sélectionnés. Bulletin n°2;2;1953;237425;doc00027277__PDF.txt;http://bibliotheque.meteo.fr/exl-php/docs/ILS_DOC/237425/doc00027277__PDF.txt;http://bibliotheque.meteo.fr/exl-php/docs/ILS_DOC/237425/doc00027277__PDF.txt
Met Mar;Bulletin trimestriel de liaison des navires sélectionnés. Bulletin n°3;3;1954;237426;doc00027278__PDF.txt;http://bibliotheque.meteo.fr/exl-php/docs/ILS_DOC/237426/doc00027278__PDF.txt;http://bibliotheque.meteo.fr/exl-php/docs/ILS_DOC/237426/doc00027278__PDF.txt
Met Mar;Bulletin trimestriel de liaison des navires sélectionnés. Bulletin n°4;4;1954;237427;doc00027279__PDF.txt;http://bibliotheque.meteo.fr/exl-php/docs/ILS_DOC/237427/doc00027279__PDF.txt;http://bibliotheque.meteo.fr/exl-php/docs/ILS_DOC/237427/doc00027279__PDF.txt
Met Mar;Bulletin trimestriel de liaison des navires sélectionnés. Bulletin n°5;5;1954;237428;doc00027280__PDF.txt;http://bibliotheque.meteo.fr/exl-php/docs/ILS_DOC/237428/doc00027280__PDF.txt;http://bibliotheque.meteo.fr/exl-php/docs/ILS_DOC/237428/doc00027280__PDF.txt
Met Mar;Bulletin trimestriel de liaison des navires sélectionnés. Bulletin n°6;6;1954;237429;doc00027281__PDF.txt;http://bibliotheque.meteo.fr/exl-php/docs/ILS_DOC/237429/doc00027281__PDF.txt;http://bibliotheque.meteo.fr/exl-php/docs/ILS_DOC/237429/doc00027281__PDF.txt
Met Mar;Bulletin trimestriel de liaison des navires sélectionnés. Bulletin n°7;7;1955;237430;doc00027282__PDF.txt;http://bibliotheque.meteo.fr/exl-php/docs/ILS_DOC/237430/doc00027282__PDF.txt;http://bibliotheque.meteo.fr/exl-php/docs/ILS_DOC/237430/doc00027282__PDF.txt
Met Mar;Bulletin trimestriel de liaison des navires sélectionnés. Bulletin n°8;8;1955;237431;doc00027283__PDF.txt;http://bibliotheque.meteo.fr/exl-php/docs/ILS_DOC/237431/doc00027283__PDF.txt;http://bibliotheque.meteo.fr/exl-php/docs/ILS_DOC/237431/doc00027283__PDF.txt
Met Mar;Bulletin trimestriel de liaison des navires sélectionnés. Bulletin n°9;9;1955;237432;doc00027284__PDF.txt;http://bibliotheque.meteo.fr/exl-php/docs/ILS_DOC/237432/doc00027284__PDF.txt;http://bibliotheque.meteo.fr/exl-php/docs/ILS_DOC/237432/doc00027284__PDF.txt
Met Mar;Bulletin trimestriel de liaison des navires sélectionnés. Bulletin n°10;10;1955;237433;doc00027285__PDF.txt;http://bibliotheque.meteo.fr/exl-php/docs/ILS_DOC/237433/doc00027285__PDF.txt;http://bibliotheque.meteo.fr/exl-php/docs/ILS_DOC/237433/doc00027285__PDF.txt
Met Mar;Bulletin trimestriel de liaison des navires sélectionnés. Bulletin n°11;11;1956;237434;doc00027286__PDF.txt;http://bibliotheque.meteo.fr/exl-php/docs/ILS_DOC/237434/doc00027286__PDF.txt;http://bibliotheque.meteo.fr/exl-php/docs/ILS_DOC/237434/doc00027286__PDF.txt
Met Mar;Bulletin trimestriel de liaison des navires sélectionnés. Bulletin n°12;12;1956;237435;doc00027287__PDF.txt;http://bibliotheque.meteo.fr/exl-php/docs/ILS_DOC/237435/doc00027287__PDF.txt;http://bibliotheque.meteo.fr/exl-php/docs/ILS_DOC/237435/doc00027287__PDF.txt
Met Mar;Bulletin trimestriel de liaison des navires sélectionnés. Bulletin n°13;13;1956;237436;doc00027288__PDF.txt;http://bibliotheque.meteo.fr/exl-php/docs/ILS_DOC/237436/doc00027288__PDF.txt;http://bibliotheque.meteo.fr/exl-php/docs/ILS_DOC/237436/doc00027288__PDF.txt
Met Mar;Bulletin trimestriel de liaison des navires sélectionnés. Bulletin n°14;14;1956;237438;doc00027290__PDF.txt;http://bibliotheque.meteo.fr/exl-php/docs/ILS_DOC/237438/doc00027290__PDF.txt;http://bibliotheque.meteo.fr/exl-php/docs/ILS_DOC/237438/doc00027290__PDF.txt
Met Mar;Bulletin trimestriel de liaison des navires sélectionnés. Bulletin n°15;15;1957;237439;doc00027291__PDF.txt;http://bibliotheque.meteo.fr/exl-php/docs/ILS_DOC/237439/doc00027291__PDF.txt;http://bibliotheque.meteo.fr/exl-php/docs/ILS_DOC/237439/doc00027291__PDF.txt
Met Mar;Bulletin trimestriel de liaison des navires sélectionnés. Bulletin n°16;16;1957;237441;doc00027293__PDF.txt;http://bibliotheque.meteo.fr/exl-php/docs/ILS_DOC/237441/doc00027293__PDF.txt;http://bibliotheque.meteo.fr/exl-php/docs/ILS_DOC/237441/doc00027293__PDF.txt
Met Mar;Bulletin trimestriel de liaison des navires sélectionnés. Bulletin n°17;17;1957;237442;doc00027294__PDF.txt;http://bibliotheque.meteo.fr/exl-php/docs/ILS_DOC/237442/doc00027294__PDF.txt;http://bibliotheque.meteo.fr/exl-php/docs/ILS_DOC/237442/doc00027294__PDF.txt
Met Mar;Bulletin trimestriel de liaison des navires sélectionnés. Bulletin n°18;18;1957;237443;doc00027295__PDF.txt;http://bibliotheque.meteo.fr/exl-php/docs/ILS_DOC/237443/doc00027295__PDF.txt;http://bibliotheque.meteo.fr/exl-php/docs/ILS_DOC/237443/doc00027295__PDF.txt
Met Mar;Bulletin trimestriel de liaison des navires sélectionnés. Bulletin n°19;19;1958;237444;doc00027296__PDF.txt;http://bibliotheque.meteo.fr/exl-php/docs/ILS_DOC/237444/doc00027296__PDF.txt;http://bibliotheque.meteo.fr/exl-php/docs/ILS_DOC/237444/doc00027296__PDF.txt
Met Mar;Bulletin trimestriel de liaison des navires sélectionnés. Bulletin n°20;20;1958;237445;doc00027297__PDF.txt;http://bibliotheque.meteo.fr/exl-php/docs/ILS_DOC/237445/doc00027297__PDF.txt;http://bibliotheque.meteo.fr/exl-php/docs/ILS_DOC/237445/doc00027297__PDF.txt
Met Mar;Bulletin trimestriel de liaison des navires sélectionnés. Bulletin n°21;21;1958;237446;doc00027298__PDF.txt;http://bibliotheque.meteo.fr/exl-php/docs/ILS_DOC/237446/doc00027298__PDF.txt;http://bibliotheque.meteo.fr/exl-php/docs/ILS_DOC/237446/doc00027298__PDF.txt
Met Mar;Bulletin trimestriel de liaison des navires sélectionnés. Bulletin n°22;22;1958;237447;doc00027299__PDF.txt;http://bibliotheque.meteo.fr/exl-php/docs/ILS_DOC/237447/doc00027299__PDF.txt;http://bibliotheque.meteo.fr/exl-php/docs/ILS_DOC/237447/doc00027299__PDF.txt
Met Mar;Bulletin trimestriel de liaison des navires sélectionnés. Bulletin n°23;23;1959;237448;doc00027300__PDF.txt;http://bibliotheque.meteo.fr/exl-php/docs/ILS_DOC/237448/doc00027300__PDF.txt;http://bibliotheque.meteo.fr/exl-php/docs/ILS_DOC/237448/doc00027300__PDF.txt
Met Mar;Bulletin trimestriel de liaison des navires sélectionnés. Bulletin n°24;24;1959;237449;doc00027301__PDF.txt;http://bibliotheque.meteo.fr/exl-php/docs/ILS_DOC/237449/doc00027301__PDF.txt;http://bibliotheque.meteo.fr/exl-php/docs/ILS_DOC/237449/doc00027301__PDF.txt
Met Mar;Bulletin trimestriel de liaison des navires sélectionnés. Bulletin n°25;25;1959;237450;doc00027302__PDF.txt;http://bibliotheque.meteo.fr/exl-php/docs/ILS_DOC/237450/doc00027302__PDF.txt;http://bibliotheque.meteo.fr/exl-php/docs/ILS_DOC/237450/doc00027302__PDF.txt
Met Mar;Bulletin trimestriel de liaison des navires sélectionnés. Bulletin n°26;26;1959;237451;doc00027303__PDF.txt;http://bibliotheque.meteo.fr/exl-php/docs/ILS_DOC/237451/doc00027303__PDF.txt;http://bibliotheque.meteo.fr/exl-php/docs/ILS_DOC/237451/doc00027303__PDF.txt
Met Mar;Met Mar n°27 - 1er trimestre 1960;27;1960;237420;doc00027271__PDF.txt;http://bibliotheque.meteo.fr/exl-php/docs/ILS_DOC/237420/doc00027271__PDF.txt;http://bibliotheque.meteo.fr/exl-php/docs/ILS_DOC/237420/doc00027271__PDF.txt
Met Mar;Met Mar n°28 - 2ème trimestre 1960;28;1960;237419;doc00027270__PDF.txt;http://bibliotheque.meteo.fr/exl-php/docs/ILS_DOC/237419/doc00027270__PDF.txt;http://bibliotheque.meteo.fr/exl-php/docs/ILS_DOC/237419/doc00027270__PDF.txt
Met Mar;Met Mar n°29 - 3ème trimestre 1960;29;1960;237418;doc00027269__PDF.txt;http://bibliotheque.meteo.fr/exl-php/docs/ILS_DOC/237418/doc00027269__PDF.txt;http://bibliotheque.meteo.fr/exl-php/docs/ILS_DOC/237418/doc00027269__PDF.txt
Met Mar;Met Mar n°30 - 4ème trimestre 1960;30;1960;237417;doc00027268__PDF.txt;http://bibliotheque.meteo.fr/exl-php/docs/ILS_DOC/237417/doc00027268__PDF.txt;http://bibliotheque.meteo.fr/exl-php/docs/ILS_DOC/237417/doc00027268__PDF.txt
Met Mar;Met Mar n°31 - 1er trimestre 1961;31;1961;237411;doc00027259__PDF.txt;http://bibliotheque.meteo.fr/exl-php/docs/ILS_DOC/237411/doc00027259__PDF.txt;http://bibliotheque.meteo.fr/exl-php/docs/ILS_DOC/237411/doc00027259__PDF.txt
Met Mar;Met Mar n°32 - 2ème trimestre 1961;32;1961;237408;doc00027256__PDF.txt;http://bibliotheque.meteo.fr/exl-php/docs/ILS_DOC/237408/doc00027256__PDF.txt;http://bibliotheque.meteo.fr/exl-php/docs/ILS_DOC/237408/doc00027256__PDF.txt
Met Mar;Met Mar n°33 - 3ème trimestre 1961;33;1961;237407;doc00027255__PDF.txt;http://bibliotheque.meteo.fr/exl-php/docs/ILS_DOC/237407/doc00027255__PDF.txt;http://bibliotheque.meteo.fr/exl-php/docs/ILS_DOC/237407/doc00027255__PDF.txt
Met Mar;Met Mar n°34 - 1er trimestre 1962;34;1962;237404;doc00027252__PDF.txt;http://bibliotheque.meteo.fr/exl-php/docs/ILS_DOC/237404/doc00027252__PDF.txt;http://bibliotheque.meteo.fr/exl-php/docs/ILS_DOC/237404/doc00027252__PDF.txt
Met Mar;Met Mar n°35 - 2ème trimestre 1962;35;1962;237401;doc00027249__PDF.txt;http://bibliotheque.meteo.fr/exl-php/docs/ILS_DOC/237401/doc00027249__PDF.txt;http://bibliotheque.meteo.fr/exl-php/docs/ILS_DOC/237401/doc00027249__PDF.txt
Met Mar;Met Mar n°36 - 3ème trimestre 1962;36;1962;237400;doc00027248__PDF.txt;http://bibliotheque.meteo.fr/exl-php/docs/ILS_DOC/237400/doc00027248__PDF.txt;http://bibliotheque.meteo.fr/exl-php/docs/ILS_DOC/237400/doc00027248__PDF.txt
Met Mar;Met Mar n°37 - 4ème trimestre 1962;37;1962;237399;doc00027247__PDF.txt;http://bibliotheque.meteo.fr/exl-php/docs/ILS_DOC/237399/doc00027247__PDF.txt;http://bibliotheque.meteo.fr/exl-php/docs/ILS_DOC/237399/doc00027247__PDF.txt
Met Mar;Met Mar n°38 - 1er trimestre 1963;38;1963;237397;doc00027245__PDF.txt;http://bibliotheque.meteo.fr/exl-php/docs/ILS_DOC/237397/doc00027245__PDF.txt;http://bibliotheque.meteo.fr/exl-php/docs/ILS_DOC/237397/doc00027245__PDF.txt
Met Mar;Met Mar n°39 - 2ème trimestre 1963;39;1963;237396;doc00027244__PDF.txt;http://bibliotheque.meteo.fr/exl-php/docs/ILS_DOC/237396/doc00027244__PDF.txt;http://bibliotheque.meteo.fr/exl-php/docs/ILS_DOC/237396/doc00027244__PDF.txt
Met Mar;Met Mar n°40 - 3ème trimestre 1963;40;1963;237365;doc00027213__PDF.txt;http://bibliotheque.meteo.fr/exl-php/docs/ILS_DOC/237365/doc00027213__PDF.txt;http://bibliotheque.meteo.fr/exl-php/docs/ILS_DOC/237365/doc00027213__PDF.txt
Met Mar;Met Mar n°41- 4ème trimestre 1963;41;1963;237364;doc00027212__PDF.txt;http://bibliotheque.meteo.fr/exl-php/docs/ILS_DOC/237364/doc00027212__PDF.txt;http://bibliotheque.meteo.fr/exl-php/docs/ILS_DOC/237364/doc00027212__PDF.txt
Met Mar;Met Mar n°42- 1er trimestre 1964;42;1964;237363;doc00027211__PDF.txt;http://bibliotheque.meteo.fr/exl-php/docs/ILS_DOC/237363/doc00027211__PDF.txt;http://bibliotheque.meteo.fr/exl-php/docs/ILS_DOC/237363/doc00027211__PDF.txt
Met Mar;Met Mar n°43- 2ème trimestre 1964;43;1964;237362;doc00027210__PDF.txt;http://bibliotheque.meteo.fr/exl-php/docs/ILS_DOC/237362/doc00027210__PDF.txt;http://bibliotheque.meteo.fr/exl-php/docs/ILS_DOC/237362/doc00027210__PDF.txt
Met Mar;Met Mar n°44- 3ème trimestre 1964;44;1964;237361;doc00027209__PDF.txt;http://bibliotheque.meteo.fr/exl-php/docs/ILS_DOC/237361/doc00027209__PDF.txt;http://bibliotheque.meteo.fr/exl-php/docs/ILS_DOC/237361/doc00027209__PDF.txt
Met Mar;Met Mar n°45- 4ème trimestre 1964;45;1964;237360;doc00027208__PDF.txt;http://bibliotheque.meteo.fr/exl-php/docs/ILS_DOC/237360/doc00027208__PDF.txt;http://bibliotheque.meteo.fr/exl-php/docs/ILS_DOC/237360/doc00027208__PDF.txt
Met Mar;Met Mar n°46- 1er trimestre 1965;46;1965;237359;doc00027207__PDF.txt;http://bibliotheque.meteo.fr/exl-php/docs/ILS_DOC/237359/doc00027207__PDF.txt;http://bibliotheque.meteo.fr/exl-php/docs/ILS_DOC/237359/doc00027207__PDF.txt
Met Mar;Met Mar n°47- 2ème trimestre 1965;47;1965;237358;doc00027206__PDF.txt;http://bibliotheque.meteo.fr/exl-php/docs/ILS_DOC/237358/doc00027206__PDF.txt;http://bibliotheque.meteo.fr/exl-php/docs/ILS_DOC/237358/doc00027206__PDF.txt
Met Mar;Met Mar n°48- 3ème trimestre 1965;48;1965;237357;doc00027205__PDF.txt;http://bibliotheque.meteo.fr/exl-php/docs/ILS_DOC/237357/doc00027205__PDF.txt;http://bibliotheque.meteo.fr/exl-php/docs/ILS_DOC/237357/doc00027205__PDF.txt
Met Mar;Met Mar n°49- 4ème trimestre 1965;49;1965;237356;doc00027204__PDF.txt;http://bibliotheque.meteo.fr/exl-php/docs/ILS_DOC/237356/doc00027204__PDF.txt;http://bibliotheque.meteo.fr/exl-php/docs/ILS_DOC/237356/doc00027204__PDF.txt
Met Mar;Met Mar n°50 - 1er trimestre 1966;50;1966;237355;doc00027203__PDF.txt;http://bibliotheque.meteo.fr/exl-php/docs/ILS_DOC/237355/doc00027203__PDF.txt;http://bibliotheque.meteo.fr/exl-php/docs/ILS_DOC/237355/doc00027203__PDF.txt
Met Mar;Met Mar n°51- 2ème trimestre 1966;51;1966;237354;doc00027202__PDF.txt;http://bibliotheque.meteo.fr/exl-php/docs/ILS_DOC/237354/doc00027202__PDF.txt;http://bibliotheque.meteo.fr/exl-php/docs/ILS_DOC/237354/doc00027202__PDF.txt
Met Mar;Met Mar n°52- 3ème trimestre 1966;52;1966;237353;doc00027201__PDF.txt;http://bibliotheque.meteo.fr/exl-php/docs/ILS_DOC/237353/doc00027201__PDF.txt;http://bibliotheque.meteo.fr/exl-php/docs/ILS_DOC/237353/doc00027201__PDF.txt
Met Mar;Met Mar n°53- 4ème trimestre 1966;53;1966;237352;doc00027200__PDF.txt;http://bibliotheque.meteo.fr/exl-php/docs/ILS_DOC/237352/doc00027200__PDF.txt;http://bibliotheque.meteo.fr/exl-php/docs/ILS_DOC/237352/doc00027200__PDF.txt
Met Mar;Met Mar n°54- 1er trimestre 1967;54;1967;237351;doc00027199__PDF.txt;http://bibliotheque.meteo.fr/exl-php/docs/ILS_DOC/237351/doc00027199__PDF.txt;http://bibliotheque.meteo.fr/exl-php/docs/ILS_DOC/237351/doc00027199__PDF.txt
Met Mar;Met Mar n°55- 2ème trimestre 1967;55;1967;237350;doc00027198__PDF.txt;http://bibliotheque.meteo.fr/exl-php/docs/ILS_DOC/237350/doc00027198__PDF.txt;http://bibliotheque.meteo.fr/exl-php/docs/ILS_DOC/237350/doc00027198__PDF.txt
Met Mar;Met Mar n°56- 3ème trimestre 1967;56;1967;237349;doc00027197__PDF.txt;http://bibliotheque.meteo.fr/exl-php/docs/ILS_DOC/237349/doc00027197__PDF.txt;http://bibliotheque.meteo.fr/exl-php/docs/ILS_DOC/237349/doc00027197__PDF.txt
Met Mar;Met Mar n°57- 4ème trimestre 1967;57;1967;237348;doc00027196__PDF.txt;http://bibliotheque.meteo.fr/exl-php/docs/ILS_DOC/237348/doc00027196__PDF.txt;http://bibliotheque.meteo.fr/exl-php/docs/ILS_DOC/237348/doc00027196__PDF.txt
Met Mar;Met Mar n°58- 1er trimestre 1968;58;1968;237347;doc00027195__PDF.txt;http://bibliotheque.meteo.fr/exl-php/docs/ILS_DOC/237347/doc00027195__PDF.txt;http://bibliotheque.meteo.fr/exl-php/docs/ILS_DOC/237347/doc00027195__PDF.txt
Met Mar;Met Mar n°59- 2ème trimestre 1968;59;1968;237346;doc00027194__PDF.txt;http://bibliotheque.meteo.fr/exl-php/docs/ILS_DOC/237346/doc00027194__PDF.txt;http://bibliotheque.meteo.fr/exl-php/docs/ILS_DOC/237346/doc00027194__PDF.txt
Met Mar;Met Mar n°60 - 3ème trimestre 1968;60;1968;237345;doc00027193__PDF.txt;http://bibliotheque.meteo.fr/exl-php/docs/ILS_DOC/237345/doc00027193__PDF.txt;http://bibliotheque.meteo.fr/exl-php/docs/ILS_DOC/237345/doc00027193__PDF.txt
Met Mar;Met Mar n°61- 4ème trimestre 1968;61;1968;237344;doc00027192__PDF.txt;http://bibliotheque.meteo.fr/exl-php/docs/ILS_DOC/237344/doc00027192__PDF.txt;http://bibliotheque.meteo.fr/exl-php/docs/ILS_DOC/237344/doc00027192__PDF.txt
Met Mar;Met Mar n°62- 1er trimestre 1969;62;1969;237343;doc00027191__PDF.txt;http://bibliotheque.meteo.fr/exl-php/docs/ILS_DOC/237343/doc00027191__PDF.txt;http://bibliotheque.meteo.fr/exl-php/docs/ILS_DOC/237343/doc00027191__PDF.txt
Met Mar;Met Mar n°63- 2ème trimestre 1969;63;1969;237342;doc00027190__PDF.txt;http://bibliotheque.meteo.fr/exl-php/docs/ILS_DOC/237342/doc00027190__PDF.txt;http://bibliotheque.meteo.fr/exl-php/docs/ILS_DOC/237342/doc00027190__PDF.txt
Met Mar;Met Mar n°64- 3ème trimestre 1969;64;1969;237341;doc00027189__PDF.txt;http://bibliotheque.meteo.fr/exl-php/docs/ILS_DOC/237341/doc00027189__PDF.txt;http://bibliotheque.meteo.fr/exl-php/docs/ILS_DOC/237341/doc00027189__PDF.txt
Met Mar;Met Mar n°65- 4ème trimestre 1969;65;1969;237340;doc00027188__PDF.txt;http://bibliotheque.meteo.fr/exl-php/docs/ILS_DOC/237340/doc00027188__PDF.txt;http://bibliotheque.meteo.fr/exl-php/docs/ILS_DOC/237340/doc00027188__PDF.txt
Met Mar;Met Mar n°66- 1er trimestre 1970;66;1970;237339;doc00027187__PDF.txt;http://bibliotheque.meteo.fr/exl-php/docs/ILS_DOC/237339/doc00027187__PDF.txt;http://bibliotheque.meteo.fr/exl-php/docs/ILS_DOC/237339/doc00027187__PDF.txt
Met Mar;Met Mar n°67- 2ème trimestre 1970;67;1970;237338;doc00027186__PDF.txt;http://bibliotheque.meteo.fr/exl-php/docs/ILS_DOC/237338/doc00027186__PDF.txt;http://bibliotheque.meteo.fr/exl-php/docs/ILS_DOC/237338/doc00027186__PDF.txt
Met Mar;Met Mar n°68- 3ème trimestre 1970;68;1970;237337;doc00027185__PDF.txt;http://bibliotheque.meteo.fr/exl-php/docs/ILS_DOC/237337/doc00027185__PDF.txt;http://bibliotheque.meteo.fr/exl-php/docs/ILS_DOC/237337/doc00027185__PDF.txt
Met Mar;Met Mar n°69- 4ème trimestre 1970;69;1970;237336;doc00027184__PDF.txt;http://bibliotheque.meteo.fr/exl-php/docs/ILS_DOC/237336/doc00027184__PDF.txt;http://bibliotheque.meteo.fr/exl-php/docs/ILS_DOC/237336/doc00027184__PDF.txt
Met Mar;Met Mar n°70 - 1er trimestre 1971;70;1971;237330;doc00027178__PDF.txt;http://bibliotheque.meteo.fr/exl-php/docs/ILS_DOC/237330/doc00027178__PDF.txt;http://bibliotheque.meteo.fr/exl-php/docs/ILS_DOC/237330/doc00027178__PDF.txt
Met Mar;Met Mar n°71- 2ème trimestre 1971;71;1971;237329;doc00027177__PDF.txt;http://bibliotheque.meteo.fr/exl-php/docs/ILS_DOC/237329/doc00027177__PDF.txt;http://bibliotheque.meteo.fr/exl-php/docs/ILS_DOC/237329/doc00027177__PDF.txt
Met Mar;Met Mar n°72- 3ème trimestre 1971;72;1971;237328;doc00027176__PDF.txt;http://bibliotheque.meteo.fr/exl-php/docs/ILS_DOC/237328/doc00027176__PDF.txt;http://bibliotheque.meteo.fr/exl-php/docs/ILS_DOC/237328/doc00027176__PDF.txt
Met Mar;Met Mar n°73- 4ème trimestre 1971;73;1971;237327;doc00027175__PDF.txt;http://bibliotheque.meteo.fr/exl-php/docs/ILS_DOC/237327/doc00027175__PDF.txt;http://bibliotheque.meteo.fr/exl-php/docs/ILS_DOC/237327/doc00027175__PDF.txt
Met Mar;Met Mar n°74- 1er trimestre 1972;74;1972;237326;doc00027174__PDF.txt;http://bibliotheque.meteo.fr/exl-php/docs/ILS_DOC/237326/doc00027174__PDF.txt;http://bibliotheque.meteo.fr/exl-php/docs/ILS_DOC/237326/doc00027174__PDF.txt
Met Mar;Met Mar n°75- 2ème trimestre 1972;75;1972;237325;doc00027173__PDF.txt;http://bibliotheque.meteo.fr/exl-php/docs/ILS_DOC/237325/doc00027173__PDF.txt;http://bibliotheque.meteo.fr/exl-php/docs/ILS_DOC/237325/doc00027173__PDF.txt
Met Mar;Met Mar n°76- 3ème trimestre 1972;76;1972;237324;doc00027172__PDF.txt;http://bibliotheque.meteo.fr/exl-php/docs/ILS_DOC/237324/doc00027172__PDF.txt;http://bibliotheque.meteo.fr/exl-php/docs/ILS_DOC/237324/doc00027172__PDF.txt
Met Mar;Met Mar n°77- 4ème trimestre 1972;77;1972;237322;doc00027170__PDF.txt;http://bibliotheque.meteo.fr/exl-php/docs/ILS_DOC/237322/doc00027170__PDF.txt;http://bibliotheque.meteo.fr/exl-php/docs/ILS_DOC/237322/doc00027170__PDF.txt
Met Mar;Met Mar n°78- 1er trimestre 1973;78;1973;237321;doc00027169__PDF.txt;http://bibliotheque.meteo.fr/exl-php/docs/ILS_DOC/237321/doc00027169__PDF.txt;http://bibliotheque.meteo.fr/exl-php/docs/ILS_DOC/237321/doc00027169__PDF.txt
Met Mar;Met Mar n°79- 2ème trimestre 1973;79;1973;237320;doc00027168__PDF.txt;http://bibliotheque.meteo.fr/exl-php/docs/ILS_DOC/237320/doc00027168__PDF.txt;http://bibliotheque.meteo.fr/exl-php/docs/ILS_DOC/237320/doc00027168__PDF.txt
Met Mar;Met Mar n°80 - 3ème trimestre 1973;80;1973;237319;doc00027167__PDF.txt;http://bibliotheque.meteo.fr/exl-php/docs/ILS_DOC/237319/doc00027167__PDF.txt;http://bibliotheque.meteo.fr/exl-php/docs/ILS_DOC/237319/doc00027167__PDF.txt
Met Mar;Met Mar n°81- 4ème trimestre 1973;81;1973;237318;doc00027166__PDF.txt;http://bibliotheque.meteo.fr/exl-php/docs/ILS_DOC/237318/doc00027166__PDF.txt;http://bibliotheque.meteo.fr/exl-php/docs/ILS_DOC/237318/doc00027166__PDF.txt
Met Mar;Met Mar n°82- 1er trimestre 1974;82;1974;237317;doc00027165__PDF.txt;http://bibliotheque.meteo.fr/exl-php/docs/ILS_DOC/237317/doc00027165__PDF.txt;http://bibliotheque.meteo.fr/exl-php/docs/ILS_DOC/237317/doc00027165__PDF.txt
Met Mar;Met Mar n°83- 2ème trimestre 1974;83;1974;237315;doc00027163__PDF.txt;http://bibliotheque.meteo.fr/exl-php/docs/ILS_DOC/237315/doc00027163__PDF.txt;http://bibliotheque.meteo.fr/exl-php/docs/ILS_DOC/237315/doc00027163__PDF.txt
Met Mar;Met Mar n°84- 3ème trimestre 1974;84;1974;237314;doc00027162__PDF.txt;http://bibliotheque.meteo.fr/exl-php/docs/ILS_DOC/237314/doc00027162__PDF.txt;http://bibliotheque.meteo.fr/exl-php/docs/ILS_DOC/237314/doc00027162__PDF.txt
Met Mar;Met Mar n°85- 4ème trimestre 1974;85;1974;237312;doc00027160__PDF.txt;http://bibliotheque.meteo.fr/exl-php/docs/ILS_DOC/237312/doc00027160__PDF.txt;http://bibliotheque.meteo.fr/exl-php/docs/ILS_DOC/237312/doc00027160__PDF.txt
Met Mar;Met Mar n°86- 1er trimestre 1975;86;1975;237311;doc00027159__PDF.txt;http://bibliotheque.meteo.fr/exl-php/docs/ILS_DOC/237311/doc00027159__PDF.txt;http://bibliotheque.meteo.fr/exl-php/docs/ILS_DOC/237311/doc00027159__PDF.txt
Met Mar;Met Mar n°87- 2ème trimestre 1975;87;1975;237310;doc00027158__PDF.txt;http://bibliotheque.meteo.fr/exl-php/docs/ILS_DOC/237310/doc00027158__PDF.txt;http://bibliotheque.meteo.fr/exl-php/docs/ILS_DOC/237310/doc00027158__PDF.txt
Met Mar;Met Mar n°88- 3ème trimestre 1975;88;1975;237309;doc00027157__PDF.txt;http://bibliotheque.meteo.fr/exl-php/docs/ILS_DOC/237309/doc00027157__PDF.txt;http://bibliotheque.meteo.fr/exl-php/docs/ILS_DOC/237309/doc00027157__PDF.txt
Met Mar;Met Mar n°89- 4ème trimestre 1975;89;1975;237308;doc00027156__PDF.txt;http://bibliotheque.meteo.fr/exl-php/docs/ILS_DOC/237308/doc00027156__PDF.txt;http://bibliotheque.meteo.fr/exl-php/docs/ILS_DOC/237308/doc00027156__PDF.txt
Met Mar;Met Mar n°90 - 1er trimestre 1976;90;1976;237307;doc00027155__PDF.txt;http://bibliotheque.meteo.fr/exl-php/docs/ILS_DOC/237307/doc00027155__PDF.txt;http://bibliotheque.meteo.fr/exl-php/docs/ILS_DOC/237307/doc00027155__PDF.txt
Met Mar;Met Mar n°91- 2ème trimestre 1976;91;1976;245005;doc00036390__PDF.txt;http://bibliotheque.meteo.fr/exl-php/docs/ILS_DOC/245005/doc00036390__PDF.txt;http://bibliotheque.meteo.fr/exl-php/docs/ILS_DOC/245005/doc00036390__PDF.txt
Met Mar;Met Mar n°92- 3ème trimestre 1976;92;1976;245006;doc00036393__PDF.txt;http://bibliotheque.meteo.fr/exl-php/docs/ILS_DOC/245006/doc00036393__PDF.txt;http://bibliotheque.meteo.fr/exl-php/docs/ILS_DOC/245006/doc00036393__PDF.txt
Met Mar;Met Mar n°93- 4ème trimestre 1976;93;1976;245008;doc00036395__PDF.txt;http://bibliotheque.meteo.fr/exl-php/docs/ILS_DOC/245008/doc00036395__PDF.txt;http://bibliotheque.meteo.fr/exl-php/docs/ILS_DOC/245008/doc00036395__PDF.txt
Met Mar;Met Mar n°94- 1er trimestre 1977;94;1977;245009;doc00036396__PDF.txt;http://bibliotheque.meteo.fr/exl-php/docs/ILS_DOC/245009/doc00036396__PDF.txt;http://bibliotheque.meteo.fr/exl-php/docs/ILS_DOC/245009/doc00036396__PDF.txt
Met Mar;Met Mar n°95- 2ème trimestre 1977;95;1977;245011;doc00036399__PDF.txt;http://bibliotheque.meteo.fr/exl-php/docs/ILS_DOC/245011/doc00036399__PDF.txt;http://bibliotheque.meteo.fr/exl-php/docs/ILS_DOC/245011/doc00036399__PDF.txt
Met Mar;Met Mar n°96- 3ème trimestre 1977;96;1977;245012;doc00036400__PDF.txt;http://bibliotheque.meteo.fr/exl-php/docs/ILS_DOC/245012/doc00036400__PDF.txt;http://bibliotheque.meteo.fr/exl-php/docs/ILS_DOC/245012/doc00036400__PDF.txt
Met Mar;Met Mar n°97- 4ème trimestre 1977;97;1977;245014;doc00036402__PDF.txt;http://bibliotheque.meteo.fr/exl-php/docs/ILS_DOC/245014/doc00036402__PDF.txt;http://bibliotheque.meteo.fr/exl-php/docs/ILS_DOC/245014/doc00036402__PDF.txt
Met Mar;Met Mar n°98- 1er trimestre 1978;98;1978;245016;doc00036405__PDF.txt;http://bibliotheque.meteo.fr/exl-php/docs/ILS_DOC/245016/doc00036405__PDF.txt;http://bibliotheque.meteo.fr/exl-php/docs/ILS_DOC/245016/doc00036405__PDF.txt
Met Mar;Met Mar n°99- 2ème trimestre 1978;99;1978;245017;doc00036406__PDF.txt;http://bibliotheque.meteo.fr/exl-php/docs/ILS_DOC/245017/doc00036406__PDF.txt;http://bibliotheque.meteo.fr/exl-php/docs/ILS_DOC/245017/doc00036406__PDF.txt
Met Mar;Met Mar n°100 - 3ème trimestre 1978;100;1978;245002;doc00036386__PDF.txt;http://bibliotheque.meteo.fr/exl-php/docs/ILS_DOC/245002/doc00036386__PDF.txt;http://bibliotheque.meteo.fr/exl-php/docs/ILS_DOC/245002/doc00036386__PDF.txt
Met Mar;Met Mar n°101- 4ème trimestre 1978;101;1978;237254;doc00027096__PDF.txt;http://bibliotheque.meteo.fr/exl-php/docs/ILS_DOC/237254/doc00027096__PDF.txt;http://bibliotheque.meteo.fr/exl-php/docs/ILS_DOC/237254/doc00027096__PDF.txt
Met Mar;Met Mar n°102- 1er trimestre 1979;102;1979;237253;doc00027095__PDF.txt;http://bibliotheque.meteo.fr/exl-php/docs/ILS_DOC/237253/doc00027095__PDF.txt;http://bibliotheque.meteo.fr/exl-php/docs/ILS_DOC/237253/doc00027095__PDF.txt
Met Mar;Met Mar n°103- 2ème trimestre 1979;103;1979;237252;doc00027094__PDF.txt;http://bibliotheque.meteo.fr/exl-php/docs/ILS_DOC/237252/doc00027094__PDF.txt;http://bibliotheque.meteo.fr/exl-php/docs/ILS_DOC/237252/doc00027094__PDF.txt
Met Mar;Met Mar n°104- 3ème trimestre 1979;104;1979;237251;doc00027093__PDF.txt;http://bibliotheque.meteo.fr/exl-php/docs/ILS_DOC/237251/doc00027093__PDF.txt;http://bibliotheque.meteo.fr/exl-php/docs/ILS_DOC/237251/doc00027093__PDF.txt
Met Mar;Met Mar n°105- 4ème trimestre 1979;105;1979;237250;doc00027092__PDF.txt;http://bibliotheque.meteo.fr/exl-php/docs/ILS_DOC/237250/doc00027092__PDF.txt;http://bibliotheque.meteo.fr/exl-php/docs/ILS_DOC/237250/doc00027092__PDF.txt
Met Mar;Met Mar n°106- 1er trimestre 1980;106;1980;237248;doc00027090__PDF.txt;http://bibliotheque.meteo.fr/exl-php/docs/ILS_DOC/237248/doc00027090__PDF.txt;http://bibliotheque.meteo.fr/exl-php/docs/ILS_DOC/237248/doc00027090__PDF.txt
Met Mar;Met Mar n°107- 2ème trimestre 1980;107;1980;237247;doc00027089__PDF.txt;http://bibliotheque.meteo.fr/exl-php/docs/ILS_DOC/237247/doc00027089__PDF.txt;http://bibliotheque.meteo.fr/exl-php/docs/ILS_DOC/237247/doc00027089__PDF.txt
Met Mar;Met Mar n°108- 3ème trimestre 1980;108;1980;237246;doc00027088__PDF.txt;http://bibliotheque.meteo.fr/exl-php/docs/ILS_DOC/237246/doc00027088__PDF.txt;http://bibliotheque.meteo.fr/exl-php/docs/ILS_DOC/237246/doc00027088__PDF.txt
Met Mar;Met Mar n°109- 4ème trimestre 1980;109;1980;237245;doc00027087__PDF.txt;http://bibliotheque.meteo.fr/exl-php/docs/ILS_DOC/237245/doc00027087__PDF.txt;http://bibliotheque.meteo.fr/exl-php/docs/ILS_DOC/237245/doc00027087__PDF.txt
Met Mar;Met Mar n°110 - 1er trimestre 1981;110;1981;237244;doc00027086__PDF.txt;http://bibliotheque.meteo.fr/exl-php/docs/ILS_DOC/237244/doc00027086__PDF.txt;http://bibliotheque.meteo.fr/exl-php/docs/ILS_DOC/237244/doc00027086__PDF.txt
Met Mar;Met Mar n°111- 2ème trimestre 1981;111;1981;237222;doc00027059__PDF.txt;http://bibliotheque.meteo.fr/exl-php/docs/ILS_DOC/237222/doc00027059__PDF.txt;http://bibliotheque.meteo.fr/exl-php/docs/ILS_DOC/237222/doc00027059__PDF.txt
Met Mar;Met Mar n°112- 3ème trimestre 1981;112;1981;237221;doc00027058__PDF.txt;http://bibliotheque.meteo.fr/exl-php/docs/ILS_DOC/237221/doc00027058__PDF.txt;http://bibliotheque.meteo.fr/exl-php/docs/ILS_DOC/237221/doc00027058__PDF.txt
Met Mar;Met Mar n°113- 4ème trimestre 1981;113;1981;237220;doc00027057__PDF.txt;http://bibliotheque.meteo.fr/exl-php/docs/ILS_DOC/237220/doc00027057__PDF.txt;http://bibliotheque.meteo.fr/exl-php/docs/ILS_DOC/237220/doc00027057__PDF.txt
Met Mar;Met Mar n°114- 1er trimestre 1982;114;1982;237216;doc00027051__PDF.txt;http://bibliotheque.meteo.fr/exl-php/docs/ILS_DOC/237216/doc00027051__PDF.txt;http://bibliotheque.meteo.fr/exl-php/docs/ILS_DOC/237216/doc00027051__PDF.txt
Met Mar;Met Mar n°115- 2ème trimestre 1982;115;1982;237215;doc00027050__PDF.txt;http://bibliotheque.meteo.fr/exl-php/docs/ILS_DOC/237215/doc00027050__PDF.txt;http://bibliotheque.meteo.fr/exl-php/docs/ILS_DOC/237215/doc00027050__PDF.txt
Met Mar;Met Mar n°116- 3ème trimestre 1982;116;1982;237214;doc00027049__PDF.txt;http://bibliotheque.meteo.fr/exl-php/docs/ILS_DOC/237214/doc00027049__PDF.txt;http://bibliotheque.meteo.fr/exl-php/docs/ILS_DOC/237214/doc00027049__PDF.txt
Met Mar;Met Mar n°117- 4ème trimestre 1982;117;1982;237213;doc00027048__PDF.txt;http://bibliotheque.meteo.fr/exl-php/docs/ILS_DOC/237213/doc00027048__PDF.txt;http://bibliotheque.meteo.fr/exl-php/docs/ILS_DOC/237213/doc00027048__PDF.txt
Met Mar;Met Mar n°118- 1er trimestre 1983;118;1983;237212;doc00027047__PDF.txt;http://bibliotheque.meteo.fr/exl-php/docs/ILS_DOC/237212/doc00027047__PDF.txt;http://bibliotheque.meteo.fr/exl-php/docs/ILS_DOC/237212/doc00027047__PDF.txt
Met Mar;Met Mar n°119- 2ème trimestre 1983;119;1983;237209;doc00027044__PDF.txt;http://bibliotheque.meteo.fr/exl-php/docs/ILS_DOC/237209/doc00027044__PDF.txt;http://bibliotheque.meteo.fr/exl-php/docs/ILS_DOC/237209/doc00027044__PDF.txt
Met Mar;Met Mar n°120 - 3ème trimestre 1983;120;1983;237208;doc00027043__PDF.txt;http://bibliotheque.meteo.fr/exl-php/docs/ILS_DOC/237208/doc00027043__PDF.txt;http://bibliotheque.meteo.fr/exl-php/docs/ILS_DOC/237208/doc00027043__PDF.txt
Met Mar;Met Mar n°121- 4ème trimestre 1983;121;1983;237207;doc00027042__PDF.txt;http://bibliotheque.meteo.fr/exl-php/docs/ILS_DOC/237207/doc00027042__PDF.txt;http://bibliotheque.meteo.fr/exl-php/docs/ILS_DOC/237207/doc00027042__PDF.txt
Met Mar;Met Mar n°122- 1er trimestre 1984;122;1984;237206;doc00027041__PDF.txt;http://bibliotheque.meteo.fr/exl-php/docs/ILS_DOC/237206/doc00027041__PDF.txt;http://bibliotheque.meteo.fr/exl-php/docs/ILS_DOC/237206/doc00027041__PDF.txt
Met Mar;Met Mar n°123- 2ème trimestre 1984;123;1984;237205;doc00027040__PDF.txt;http://bibliotheque.meteo.fr/exl-php/docs/ILS_DOC/237205/doc00027040__PDF.txt;http://bibliotheque.meteo.fr/exl-php/docs/ILS_DOC/237205/doc00027040__PDF.txt
Met Mar;Met Mar n°124 - 3ème trimestre 1984;124;1985;237203;doc00027038__PDF.txt;http://bibliotheque.meteo.fr/exl-php/docs/ILS_DOC/237203/doc00027038__PDF.txt;http://bibliotheque.meteo.fr/exl-php/docs/ILS_DOC/237203/doc00027038__PDF.txt
Met Mar;Met Mar n°125 - 4ème trimestre 1984;125;1984;237202;doc00027037__PDF.txt;http://bibliotheque.meteo.fr/exl-php/docs/ILS_DOC/237202/doc00027037__PDF.txt;http://bibliotheque.meteo.fr/exl-php/docs/ILS_DOC/237202/doc00027037__PDF.txt
Met Mar;Met Mar n°126 - 1er trimestre 1985;126;1985;237201;doc00027036__PDF.txt;http://bibliotheque.meteo.fr/exl-php/docs/ILS_DOC/237201/doc00027036__PDF.txt;http://bibliotheque.meteo.fr/exl-php/docs/ILS_DOC/237201/doc00027036__PDF.txt
Met Mar;Met Mar n°127 - 2ème trimestre 1985;127;1985;237176;doc00027001__PDF.txt;http://bibliotheque.meteo.fr/exl-php/docs/ILS_DOC/237176/doc00027001__PDF.txt;http://bibliotheque.meteo.fr/exl-php/docs/ILS_DOC/237176/doc00027001__PDF.txt
Met Mar;Met Mar n°128 - 3ème trimestre 1985;128;1985;237167;doc00026988__PDF.txt;http://bibliotheque.meteo.fr/exl-php/docs/ILS_DOC/237167/doc00026988__PDF.txt;http://bibliotheque.meteo.fr/exl-php/docs/ILS_DOC/237167/doc00026988__PDF.txt
Met Mar;Met Mar n°129 - 4ème trimestre 1985;129;1985;237159;doc00026979__PDF.txt;http://bibliotheque.meteo.fr/exl-php/docs/ILS_DOC/237159/doc00026979__PDF.txt;http://bibliotheque.meteo.fr/exl-php/docs/ILS_DOC/237159/doc00026979__PDF.txt
Met Mar;Met Mar n°130 - 1er trimestre 1986;130;1986;237158;doc00026978__PDF.txt;http://bibliotheque.meteo.fr/exl-php/docs/ILS_DOC/237158/doc00026978__PDF.txt;http://bibliotheque.meteo.fr/exl-php/docs/ILS_DOC/237158/doc00026978__PDF.txt
Met Mar;Met Mar n°131 - 2ème trimestre 1986;131;1986;237157;doc00026977__PDF.txt;http://bibliotheque.meteo.fr/exl-php/docs/ILS_DOC/237157/doc00026977__PDF.txt;http://bibliotheque.meteo.fr/exl-php/docs/ILS_DOC/237157/doc00026977__PDF.txt
Met Mar;Met Mar n°132 - 3ème trimestre 1986;132;1986;237156;doc00026976__PDF.txt;http://bibliotheque.meteo.fr/exl-php/docs/ILS_DOC/237156/doc00026976__PDF.txt;http://bibliotheque.meteo.fr/exl-php/docs/ILS_DOC/237156/doc00026976__PDF.txt
Met Mar;Met Mar n°133 - 4ème trimestre 1986;133;1986;237155;doc00026975__PDF.txt;http://bibliotheque.meteo.fr/exl-php/docs/ILS_DOC/237155/doc00026975__PDF.txt;http://bibliotheque.meteo.fr/exl-php/docs/ILS_DOC/237155/doc00026975__PDF.txt
Met Mar;Met Mar n°134 - 1er trimestre 1987;134;1987;237154;doc00026974__PDF.txt;http://bibliotheque.meteo.fr/exl-php/docs/ILS_DOC/237154/doc00026974__PDF.txt;http://bibliotheque.meteo.fr/exl-php/docs/ILS_DOC/237154/doc00026974__PDF.txt
Met Mar;Met Mar n°135 - 2ème trimestre 1987;135;1987;237153;doc00026973__PDF.txt;http://bibliotheque.meteo.fr/exl-php/docs/ILS_DOC/237153/doc00026973__PDF.txt;http://bibliotheque.meteo.fr/exl-php/docs/ILS_DOC/237153/doc00026973__PDF.txt
Met Mar;Met Mar n°136 - 3ème trimestre 1987;136;1987;237152;doc00026972__PDF.txt;http://bibliotheque.meteo.fr/exl-php/docs/ILS_DOC/237152/doc00026972__PDF.txt;http://bibliotheque.meteo.fr/exl-php/docs/ILS_DOC/237152/doc00026972__PDF.txt
Met Mar;Met Mar n°137 - 4ème trimestre 1987;137;1987;237151;doc00026971__PDF.txt;http://bibliotheque.meteo.fr/exl-php/docs/ILS_DOC/237151/doc00026971__PDF.txt;http://bibliotheque.meteo.fr/exl-php/docs/ILS_DOC/237151/doc00026971__PDF.txt
Met Mar;Met Mar n°138 - 1er trimestre 1988;138;1988;237150;doc00026970__PDF.txt;http://bibliotheque.meteo.fr/exl-php/docs/ILS_DOC/237150/doc00026970__PDF.txt;http://bibliotheque.meteo.fr/exl-php/docs/ILS_DOC/237150/doc00026970__PDF.txt
Met Mar;Met Mar n°139 - 2ème trimestre 1988;139;1988;237149;doc00026969__PDF.txt;http://bibliotheque.meteo.fr/exl-php/docs/ILS_DOC/237149/doc00026969__PDF.txt;http://bibliotheque.meteo.fr/exl-php/docs/ILS_DOC/237149/doc00026969__PDF.txt
Met Mar;Met Mar n°140 - 3ème trimestre 1988;140;1988;237146;doc00026966__PDF.txt;http://bibliotheque.meteo.fr/exl-php/docs/ILS_DOC/237146/doc00026966__PDF.txt;http://bibliotheque.meteo.fr/exl-php/docs/ILS_DOC/237146/doc00026966__PDF.txt
Met Mar;Met Mar n°141 - 4ème trimestre 1988;141;1988;235715;doc00025320__PDF.txt;http://bibliotheque.meteo.fr/exl-php/docs/ILS_DOC/235715/doc00025320__PDF.txt;http://bibliotheque.meteo.fr/exl-php/docs/ILS_DOC/235715/doc00025320__PDF.txt
Met Mar;Met Mar n°142 - 1er trimestre 1989;142;1989;235713;doc00025317__PDF.txt;http://bibliotheque.meteo.fr/exl-php/docs/ILS_DOC/235713/doc00025317__PDF.txt;http://bibliotheque.meteo.fr/exl-php/docs/ILS_DOC/235713/doc00025317__PDF.txt
Met Mar;Met Mar n°143 - 2ème trimestre 1989;143;1989;235711;doc00025315__PDF.txt;http://bibliotheque.meteo.fr/exl-php/docs/ILS_DOC/235711/doc00025315__PDF.txt;http://bibliotheque.meteo.fr/exl-php/docs/ILS_DOC/235711/doc00025315__PDF.txt
Met Mar;Met Mar n°144 - 3ème trimestre 1989;144;1989;235710;doc00025314__PDF.txt;http://bibliotheque.meteo.fr/exl-php/docs/ILS_DOC/235710/doc00025314__PDF.txt;http://bibliotheque.meteo.fr/exl-php/docs/ILS_DOC/235710/doc00025314__PDF.txt
Met Mar;Met Mar n°145 - 4ème trimestre 1989;145;1989;235709;doc00025313__PDF.txt;http://bibliotheque.meteo.fr/exl-php/docs/ILS_DOC/235709/doc00025313__PDF.txt;http://bibliotheque.meteo.fr/exl-php/docs/ILS_DOC/235709/doc00025313__PDF.txt
Met Mar;Met Mar n°146 - 1er trimestre 1990;146;1990;235708;doc00025312__PDF.txt;http://bibliotheque.meteo.fr/exl-php/docs/ILS_DOC/235708/doc00025312__PDF.txt;http://bibliotheque.meteo.fr/exl-php/docs/ILS_DOC/235708/doc00025312__PDF.txt
Met Mar;Met Mar n°147 - 2ème trimestre 1990;147;1990;235707;doc00025311__PDF.txt;http://bibliotheque.meteo.fr/exl-php/docs/ILS_DOC/235707/doc00025311__PDF.txt;http://bibliotheque.meteo.fr/exl-php/docs/ILS_DOC/235707/doc00025311__PDF.txt
Met Mar;Met Mar n°148 - 3ème trimestre 1990;148;1990;235706;doc00025310__PDF.txt;http://bibliotheque.meteo.fr/exl-php/docs/ILS_DOC/235706/doc00025310__PDF.txt;http://bibliotheque.meteo.fr/exl-php/docs/ILS_DOC/235706/doc00025310__PDF.txt
Met Mar;Met Mar n°149 - 4ème trimestre 1990;149;1990;235705;doc00025309__PDF.txt;http://bibliotheque.meteo.fr/exl-php/docs/ILS_DOC/235705/doc00025309__PDF.txt;http://bibliotheque.meteo.fr/exl-php/docs/ILS_DOC/235705/doc00025309__PDF.txt
Met Mar;Met Mar n°150 - 1er trimestre 1991;150;1991;235704;doc00025308__PDF.txt;http://bibliotheque.meteo.fr/exl-php/docs/ILS_DOC/235704/doc00025308__PDF.txt;http://bibliotheque.meteo.fr/exl-php/docs/ILS_DOC/235704/doc00025308__PDF.txt
Met Mar;Met Mar n°151 - 2ème trimestre 1991;151;1991;235674;doc00025274__PDF.txt;http://bibliotheque.meteo.fr/exl-php/docs/ILS_DOC/235674/doc00025274__PDF.txt;http://bibliotheque.meteo.fr/exl-php/docs/ILS_DOC/235674/doc00025274__PDF.txt
Met Mar;Met Mar n°152 - 3ème trimestre 1991;152;1991;235673;doc00025273__PDF.txt;http://bibliotheque.meteo.fr/exl-php/docs/ILS_DOC/235673/doc00025273__PDF.txt;http://bibliotheque.meteo.fr/exl-php/docs/ILS_DOC/235673/doc00025273__PDF.txt
Met Mar;Met Mar n°153 - 4ème trimestre 1991;153;1991;235672;doc00025272__PDF.txt;http://bibliotheque.meteo.fr/exl-php/docs/ILS_DOC/235672/doc00025272__PDF.txt;http://bibliotheque.meteo.fr/exl-php/docs/ILS_DOC/235672/doc00025272__PDF.txt
Met Mar;Met Mar n°154 - 1er trimestre 1992;154;1992;235671;doc00025271__PDF.txt;http://bibliotheque.meteo.fr/exl-php/docs/ILS_DOC/235671/doc00025271__PDF.txt;http://bibliotheque.meteo.fr/exl-php/docs/ILS_DOC/235671/doc00025271__PDF.txt
Met Mar;Met Mar n°155 - 2ème trimestre 1992;155;1992;235670;doc00025270__PDF.txt;http://bibliotheque.meteo.fr/exl-php/docs/ILS_DOC/235670/doc00025270__PDF.txt;http://bibliotheque.meteo.fr/exl-php/docs/ILS_DOC/235670/doc00025270__PDF.txt
Met Mar;Met Mar n°156 - 3ème trimestre 1992;156;1992;235669;doc00025269__PDF.txt;http://bibliotheque.meteo.fr/exl-php/docs/ILS_DOC/235669/doc00025269__PDF.txt;http://bibliotheque.meteo.fr/exl-php/docs/ILS_DOC/235669/doc00025269__PDF.txt
Met Mar;Met Mar n°157 - 4ème trimestre 1992;157;1992;235668;doc00025268__PDF.txt;http://bibliotheque.meteo.fr/exl-php/docs/ILS_DOC/235668/doc00025268__PDF.txt;http://bibliotheque.meteo.fr/exl-php/docs/ILS_DOC/235668/doc00025268__PDF.txt
Met Mar;Met Mar n°158 - 1er trimestre 1993;158;1993;235667;doc00025267__PDF.txt;http://bibliotheque.meteo.fr/exl-php/docs/ILS_DOC/235667/doc00025267__PDF.txt;http://bibliotheque.meteo.fr/exl-php/docs/ILS_DOC/235667/doc00025267__PDF.txt
Met Mar;Met Mar n°159 - 2ème trimestre 1993;159;1993;235666;doc00025266__PDF.txt;http://bibliotheque.meteo.fr/exl-php/docs/ILS_DOC/235666/doc00025266__PDF.txt;http://bibliotheque.meteo.fr/exl-php/docs/ILS_DOC/235666/doc00025266__PDF.txt
Met Mar;Met Mar n°160 - septembre 1993;160;1993;235663;doc00025263__PDF.txt;http://bibliotheque.meteo.fr/exl-php/docs/ILS_DOC/235663/doc00025263__PDF.txt;http://bibliotheque.meteo.fr/exl-php/docs/ILS_DOC/235663/doc00025263__PDF.txt
Met Mar;Met Mar n°161 - décembre 1993;161;1993;235606;doc00025197__PDF.txt;http://bibliotheque.meteo.fr/exl-php/docs/ILS_DOC/235606/doc00025197__PDF.txt;http://bibliotheque.meteo.fr/exl-php/docs/ILS_DOC/235606/doc00025197__PDF.txt
Met Mar;Met Mar n°162 - mars 1994;162;1994;235603;doc00025194__PDF.txt;http://bibliotheque.meteo.fr/exl-php/docs/ILS_DOC/235603/doc00025194__PDF.txt;http://bibliotheque.meteo.fr/exl-php/docs/ILS_DOC/235603/doc00025194__PDF.txt
Met Mar;Met Mar n°163 - juin 1994;163;1994;235602;doc00025193__PDF.txt;http://bibliotheque.meteo.fr/exl-php/docs/ILS_DOC/235602/doc00025193__PDF.txt;http://bibliotheque.meteo.fr/exl-php/docs/ILS_DOC/235602/doc00025193__PDF.txt
Met Mar;Met Mar n°164 - septembre 1994;164;1994;235601;doc00025192__PDF.txt;http://bibliotheque.meteo.fr/exl-php/docs/ILS_DOC/235601/doc00025192__PDF.txt;http://bibliotheque.meteo.fr/exl-php/docs/ILS_DOC/235601/doc00025192__PDF.txt
Met Mar;Met Mar n°165 - décembre 1994;165;1994;235600;doc00025191__PDF.txt;http://bibliotheque.meteo.fr/exl-php/docs/ILS_DOC/235600/doc00025191__PDF.txt;http://bibliotheque.meteo.fr/exl-php/docs/ILS_DOC/235600/doc00025191__PDF.txt
Met Mar;Met Mar n°166 - mars 1995;166;1995;235599;doc00025190__PDF.txt;http://bibliotheque.meteo.fr/exl-php/docs/ILS_DOC/235599/doc00025190__PDF.txt;http://bibliotheque.meteo.fr/exl-php/docs/ILS_DOC/235599/doc00025190__PDF.txt
Met Mar;Met Mar n°167 - juin 1995;167;1995;235598;doc00025189__PDF.txt;http://bibliotheque.meteo.fr/exl-php/docs/ILS_DOC/235598/doc00025189__PDF.txt;http://bibliotheque.meteo.fr/exl-php/docs/ILS_DOC/235598/doc00025189__PDF.txt
Met Mar;Met Mar n°168 - septembre 1995;168;1995;235597;doc00025188__PDF.txt;http://bibliotheque.meteo.fr/exl-php/docs/ILS_DOC/235597/doc00025188__PDF.txt;http://bibliotheque.meteo.fr/exl-php/docs/ILS_DOC/235597/doc00025188__PDF.txt
Met Mar;Met Mar n°169 - décembre 1995;169;1995;235596;doc00025187__PDF.txt;http://bibliotheque.meteo.fr/exl-php/docs/ILS_DOC/235596/doc00025187__PDF.txt;http://bibliotheque.meteo.fr/exl-php/docs/ILS_DOC/235596/doc00025187__PDF.txt
Met Mar;Met Mar n°170 - mars 1996;170;1996;235595;doc00025186__PDF.txt;http://bibliotheque.meteo.fr/exl-php/docs/ILS_DOC/235595/doc00025186__PDF.txt;http://bibliotheque.meteo.fr/exl-php/docs/ILS_DOC/235595/doc00025186__PDF.txt
Met Mar;Met Mar n°171 - juin 1996;171;1996;235547;doc00025127__PDF.txt;http://bibliotheque.meteo.fr/exl-php/docs/ILS_DOC/235547/doc00025127__PDF.txt;http://bibliotheque.meteo.fr/exl-php/docs/ILS_DOC/235547/doc00025127__PDF.txt
Met Mar;Met Mar n°172 - septembre 1996;172;1996;235545;doc00025125__PDF.txt;http://bibliotheque.meteo.fr/exl-php/docs/ILS_DOC/235545/doc00025125__PDF.txt;http://bibliotheque.meteo.fr/exl-php/docs/ILS_DOC/235545/doc00025125__PDF.txt
Met Mar;Met Mar n°173 - décembre 1996;173;1996;235540;doc00025117__PDF.txt;http://bibliotheque.meteo.fr/exl-php/docs/ILS_DOC/235540/doc00025117__PDF.txt;http://bibliotheque.meteo.fr/exl-php/docs/ILS_DOC/235540/doc00025117__PDF.txt
Met Mar;Met Mar n°174 - mars 1997;174;1997;2551;enm00002550__PDF.txt;http://bibliotheque.meteo.fr/exl-php/docs/ILS_DOC/2551/enm00002550__PDF.txt;http://bibliotheque.meteo.fr/exl-php/docs/ILS_DOC/2551/enm00002550__PDF.txt
Met Mar;Met Mar n°175 - juin 1997;175;1997;2514;enm00002513__PDF.txt;http://bibliotheque.meteo.fr/exl-php/docs/ILS_DOC/2514/enm00002513__PDF.txt;http://bibliotheque.meteo.fr/exl-php/docs/ILS_DOC/2514/enm00002513__PDF.txt
Met Mar;Met Mar n°176 - septembre 1997;176;1997;2491;enm00002490__PDF.txt;http://bibliotheque.meteo.fr/exl-php/docs/ILS_DOC/2491/enm00002490__PDF.txt;http://bibliotheque.meteo.fr/exl-php/docs/ILS_DOC/2491/enm00002490__PDF.txt
Met Mar;Met Mar n°177 - décembre 1997;177;1997;2459;enm00002458__PDF.txt;http://bibliotheque.meteo.fr/exl-php/docs/ILS_DOC/2459/enm00002458__PDF.txt;http://bibliotheque.meteo.fr/exl-php/docs/ILS_DOC/2459/enm00002458__PDF.txt
Met Mar;Met Mar n°178 - mars 1998;178;1998;2441;enm00002440__PDF.txt;http://bibliotheque.meteo.fr/exl-php/docs/ILS_DOC/2441/enm00002440__PDF.txt;http://bibliotheque.meteo.fr/exl-php/docs/ILS_DOC/2441/enm00002440__PDF.txt
Met Mar;Met Mar n°179 - juin 1998;179;1998;2404;enm00002403__PDF.txt;http://bibliotheque.meteo.fr/exl-php/docs/ILS_DOC/2404/enm00002403__PDF.txt;http://bibliotheque.meteo.fr/exl-php/docs/ILS_DOC/2404/enm00002403__PDF.txt
Met Mar;Met Mar, n° 180 - septembre 1998;180;1998;2376;enm00002375__PDF.txt;http://bibliotheque.meteo.fr/exl-php/docs/ILS_DOC/2376/enm00002375__PDF.txt;http://bibliotheque.meteo.fr/exl-php/docs/ILS_DOC/2376/enm00002375__PDF.txt
Met Mar;Met Mar n°181 - décembre 1998;181;1998;2337;enm00002336__PDF.txt;http://bibliotheque.meteo.fr/exl-php/docs/ILS_DOC/2337/enm00002336__PDF.txt;http://bibliotheque.meteo.fr/exl-php/docs/ILS_DOC/2337/enm00002336__PDF.txt
Met Mar;Met Mar, n° 182 - mars 1999;182;1999;2299;enm00002298__PDF.txt;http://bibliotheque.meteo.fr/exl-php/docs/ILS_DOC/2299/enm00002298__PDF.txt;http://bibliotheque.meteo.fr/exl-php/docs/ILS_DOC/2299/enm00002298__PDF.txt
Met Mar;Met Mar n°183 - juin 1999;183;1999;2283;enm00002282__PDF.txt;http://bibliotheque.meteo.fr/exl-php/docs/ILS_DOC/2283/enm00002282__PDF.txt;http://bibliotheque.meteo.fr/exl-php/docs/ILS_DOC/2283/enm00002282__PDF.txt
Met Mar;Met Mar, n° 184 - septembre 1999;184;1999;2270;enm00002269__PDF.txt;http://bibliotheque.meteo.fr/exl-php/docs/ILS_DOC/2270/enm00002269__PDF.txt;http://bibliotheque.meteo.fr/exl-php/docs/ILS_DOC/2270/enm00002269__PDF.txt
Met Mar;Met Mar n°185 - décembre 1999;185;1999;2271;enm00002270__PDF.txt;http://bibliotheque.meteo.fr/exl-php/docs/ILS_DOC/2271/enm00002270__PDF.txt;http://bibliotheque.meteo.fr/exl-php/docs/ILS_DOC/2271/enm00002270__PDF.txt
Met Mar;Met Mar n° 186 - mars 2000;186;2000;2245;enm00002244__PDF.txt;http://bibliotheque.meteo.fr/exl-php/docs/ILS_DOC/2245/enm00002244__PDF.txt;http://bibliotheque.meteo.fr/exl-php/docs/ILS_DOC/2245/enm00002244__PDF.txt
Met Mar;Met Mar n° 187 - juin 2000;187;2000;2237;enm00002236__PDF.txt;http://bibliotheque.meteo.fr/exl-php/docs/ILS_DOC/2237/enm00002236__PDF.txt;http://bibliotheque.meteo.fr/exl-php/docs/ILS_DOC/2237/enm00002236__PDF.txt
Met Mar;Met Mar, n° 188, septembre 2000;188;2000;235004;doc00024469__PDF.txt;http://bibliotheque.meteo.fr/exl-php/docs/ILS_DOC/235004/doc00024469__PDF.txt;http://bibliotheque.meteo.fr/exl-php/docs/ILS_DOC/235004/doc00024469__PDF.txt
Met Mar;Met Mar n° 189 - décembre 2000;189;2000;2211;enm00002210__PDF.txt;http://bibliotheque.meteo.fr/exl-php/docs/ILS_DOC/2211/enm00002210__PDF.txt;http://bibliotheque.meteo.fr/exl-php/docs/ILS_DOC/2211/enm00002210__PDF.txt
Met Mar;Met Mar n° 190 - mars 2001;190;2001;2207;enm00002206__PDF.txt;http://bibliotheque.meteo.fr/exl-php/docs/ILS_DOC/2207/enm00002206__PDF.txt;http://bibliotheque.meteo.fr/exl-php/docs/ILS_DOC/2207/enm00002206__PDF.txt
Met Mar;Met Mar n°191 - juin 2001;191;2001;2176;enm00002175__PDF.txt;http://bibliotheque.meteo.fr/exl-php/docs/ILS_DOC/2176/enm00002175__PDF.txt;http://bibliotheque.meteo.fr/exl-php/docs/ILS_DOC/2176/enm00002175__PDF.txt
Met Mar;Met Mar n°192 - septembre 2001;192;2001;2186;enm00002185__PDF.txt;http://bibliotheque.meteo.fr/exl-php/docs/ILS_DOC/2186/enm00002185__PDF.txt;http://bibliotheque.meteo.fr/exl-php/docs/ILS_DOC/2186/enm00002185__PDF.txt
Met Mar;Met Mar n° 193 - décembre 2001;193;2001;2181;enm00002180__PDF.txt;http://bibliotheque.meteo.fr/exl-php/docs/ILS_DOC/2181/enm00002180__PDF.txt;http://bibliotheque.meteo.fr/exl-php/docs/ILS_DOC/2181/enm00002180__PDF.txt
Met Mar;Met Mar n° 194 - mars 2002;194;2002;2159;enm00002158__PDF.txt;http://bibliotheque.meteo.fr/exl-php/docs/ILS_DOC/2159/enm00002158__PDF.txt;http://bibliotheque.meteo.fr/exl-php/docs/ILS_DOC/2159/enm00002158__PDF.txt
Met Mar;Met Mar n°195 - juin 2002;195;2002;2145;enm00002144__PDF.txt;http://bibliotheque.meteo.fr/exl-php/docs/ILS_DOC/2145/enm00002144__PDF.txt;http://bibliotheque.meteo.fr/exl-php/docs/ILS_DOC/2145/enm00002144__PDF.txt
Met Mar;Met Mar n°196 - septembre 2002;196;2002;2129;enm00002128__PDF.txt;http://bibliotheque.meteo.fr/exl-php/docs/ILS_DOC/2129/enm00002128__PDF.txt;http://bibliotheque.meteo.fr/exl-php/docs/ILS_DOC/2129/enm00002128__PDF.txt
Met Mar;Met Mar n°197 - décembre 2002;197;2002;2118;enm00002117__PDF.txt;http://bibliotheque.meteo.fr/exl-php/docs/ILS_DOC/2118/enm00002117__PDF.txt;http://bibliotheque.meteo.fr/exl-php/docs/ILS_DOC/2118/enm00002117__PDF.txt
Met Mar;Met Mar n°198 - mars 2003;198;2003;2104;enm00002103__PDF.txt;http://bibliotheque.meteo.fr/exl-php/docs/ILS_DOC/2104/enm00002103__PDF.txt;http://bibliotheque.meteo.fr/exl-php/docs/ILS_DOC/2104/enm00002103__PDF.txt
Met Mar;Met Mar n° 199 - juin 2003;199;2003;2103;enm00002102__PDF.txt;http://bibliotheque.meteo.fr/exl-php/docs/ILS_DOC/2103/enm00002102__PDF.txt;http://bibliotheque.meteo.fr/exl-php/docs/ILS_DOC/2103/enm00002102__PDF.txt
Met Mar;Met Mar n°200 - septembre 2003;200;2003;2102;enm00002101__PDF.txt;http://bibliotheque.meteo.fr/exl-php/docs/ILS_DOC/2102/enm00002101__PDF.txt;http://bibliotheque.meteo.fr/exl-php/docs/ILS_DOC/2102/enm00002101__PDF.txt
Met Mar;Met Mar n°201 - décembre 2003;201;2003;2101;enm00002100__PDF.txt;http://bibliotheque.meteo.fr/exl-php/docs/ILS_DOC/2101/enm00002100__PDF.txt;http://bibliotheque.meteo.fr/exl-php/docs/ILS_DOC/2101/enm00002100__PDF.txt
Met Mar;Met Mar n°202 - mars 2004;202;2004;2100;enm00002099__PDF.txt;http://bibliotheque.meteo.fr/exl-php/docs/ILS_DOC/2100/enm00002099__PDF.txt;http://bibliotheque.meteo.fr/exl-php/docs/ILS_DOC/2100/enm00002099__PDF.txt
Met Mar;Met Mar n°203 - juin 2004;203;2004;2099;enm00002098__PDF.txt;http://bibliotheque.meteo.fr/exl-php/docs/ILS_DOC/2099/enm00002098__PDF.txt;http://bibliotheque.meteo.fr/exl-php/docs/ILS_DOC/2099/enm00002098__PDF.txt
Met Mar;Met Mar n°204 - septembre 2004;204;2004;230709;doc00019009__PDF.txt;http://bibliotheque.meteo.fr/exl-php/docs/ILS_DOC/230709/doc00019009__PDF.txt;http://bibliotheque.meteo.fr/exl-php/docs/ILS_DOC/230709/doc00019009__PDF.txt
Met Mar;Met Mar n°205 - décembre 2004;205;2004;230708;doc00019008__PDF.txt;http://bibliotheque.meteo.fr/exl-php/docs/ILS_DOC/230708/doc00019008__PDF.txt;http://bibliotheque.meteo.fr/exl-php/docs/ILS_DOC/230708/doc00019008__PDF.txt
Met Mar;Met Mar n° 206 - mars 2005;206;2005;2571;enm00002570__PDF.txt;http://bibliotheque.meteo.fr/exl-php/docs/ILS_DOC/2571/enm00002570__PDF.txt;http://bibliotheque.meteo.fr/exl-php/docs/ILS_DOC/2571/enm00002570__PDF.txt
Met Mar;Met Mar n° 207 - juin 2005;207;2005;2570;enm00002569__PDF.txt;http://bibliotheque.meteo.fr/exl-php/docs/ILS_DOC/2570/enm00002569__PDF.txt;http://bibliotheque.meteo.fr/exl-php/docs/ILS_DOC/2570/enm00002569__PDF.txt
Met Mar;Met Mar n° 208 - septembre 2005;208;2005;2574;enm00002573__PDF.txt;http://bibliotheque.meteo.fr/exl-php/docs/ILS_DOC/2574/enm00002573__PDF.txt;http://bibliotheque.meteo.fr/exl-php/docs/ILS_DOC/2574/enm00002573__PDF.txt
Met Mar;Met Mar n°209 - décembre 2005;209;2005;2575;enm00002574__PDF.txt;http://bibliotheque.meteo.fr/exl-php/docs/ILS_DOC/2575/enm00002574__PDF.txt;http://bibliotheque.meteo.fr/exl-php/docs/ILS_DOC/2575/enm00002574__PDF.txt
Met Mar;Met Mar n°210 - mars 2006;210;2006;2580;enm00002579__PDF.txt;http://bibliotheque.meteo.fr/exl-php/docs/ILS_DOC/2580/enm00002579__PDF.txt;http://bibliotheque.meteo.fr/exl-php/docs/ILS_DOC/2580/enm00002579__PDF.txt
Met Mar;Met Mar n°211 - juin 2006;211;2006;2582;enm00002581__PDF.txt;http://bibliotheque.meteo.fr/exl-php/docs/ILS_DOC/2582/enm00002581__PDF.txt;http://bibliotheque.meteo.fr/exl-php/docs/ILS_DOC/2582/enm00002581__PDF.txt
Met Mar;Met Mar n°212 - septembre 2006;212;2006;230705;doc00019005__PDF.txt;http://bibliotheque.meteo.fr/exl-php/docs/ILS_DOC/230705/doc00019005__PDF.txt;http://bibliotheque.meteo.fr/exl-php/docs/ILS_DOC/230705/doc00019005__PDF.txt
Met Mar;Met Mar n°213 - décembre 2006;213;2006;2584;enm00002583__PDF.txt;http://bibliotheque.meteo.fr/exl-php/docs/ILS_DOC/2584/enm00002583__PDF.txt;http://bibliotheque.meteo.fr/exl-php/docs/ILS_DOC/2584/enm00002583__PDF.txt
Met Mar;Met Mar n°214 - mars 2007;214;2007;230702;doc00019002__PDF.txt;http://bibliotheque.meteo.fr/exl-php/docs/ILS_DOC/230702/doc00019002__PDF.txt;http://bibliotheque.meteo.fr/exl-php/docs/ILS_DOC/230702/doc00019002__PDF.txt
Met Mar;Met Mar n°215 - juin 2007;215;2007;229530;doc00017643__PDF.txt;http://bibliotheque.meteo.fr/exl-php/docs/ILS_DOC/229530/doc00017643__PDF.txt;http://bibliotheque.meteo.fr/exl-php/docs/ILS_DOC/229530/doc00017643__PDF.txt
Met Mar;Met Mar n°216 - septembre 2007;216;2007;230704;doc00019004__PDF.txt;http://bibliotheque.meteo.fr/exl-php/docs/ILS_DOC/230704/doc00019004__PDF.txt;http://bibliotheque.meteo.fr/exl-php/docs/ILS_DOC/230704/doc00019004__PDF.txt
Met Mar;Met Mar n°217 - décembre 2007;217;2007;230703;doc00019003__PDF.txt;http://bibliotheque.meteo.fr/exl-php/docs/ILS_DOC/230703/doc00019003__PDF.txt;http://bibliotheque.meteo.fr/exl-php/docs/ILS_DOC/230703/doc00019003__PDF.txt
Met Mar;"Met Mar n°124 bis- 3ème trimestre 1984 : Spécial Saint Pierre de Quiberon ""marins et météorologie""";124bis;1985;237204;doc00027039__PDF.txt;http://bibliotheque.meteo.fr/exl-php/docs/ILS_DOC/237204/doc00027039__PDF.txt;http://bibliotheque.meteo.fr/exl-php/docs/ILS_DOC/237204/doc00027039__PDF.txt
Met Mar;Met Mar n°152 bis- [numéro spécial 1er trimestre 1991 : table des matières traitées dans Met Mar des numéros 1 à 150];152BIS;1991;237148;doc00026968__PDF.txt;http://bibliotheque.meteo.fr/exl-php/docs/ILS_DOC/237148/doc00026968__PDF.txt;http://bibliotheque.meteo.fr/exl-php/docs/ILS_DOC/237148/doc00026968__PDF.txt
Met Mar;Met Mar n°32bis - fascicule annuel [1961];32bis.;1961;237410;doc00027258__PDF.txt;http://bibliotheque.meteo.fr/exl-php/docs/ILS_DOC/237410/doc00027258__PDF.txt;http://bibliotheque.meteo.fr/exl-php/docs/ILS_DOC/237410/doc00027258__PDF.txt
